{
	"format_version": "1.8.0",
	"animations": {
		"animation.attack_animation.sword_rotate": {
			"animation_length": 0.52,
			"bones": {
				"body": {
					"rotation": {
						"0.0": [0, 0, 0],
						"0.24": [0, 380, 0],
						"0.44": [0, 390, 0],
						"0.52": [0, 360, 0]
					}
				},
				"head": {
					"rotation": {
						"0.0": [0, 0, 0],
						"0.24": [0, 380, 0],
						"0.44": [0, 390, 0],
						"0.52": [0, 360, 0]
					}
				},
				"rightArm": {
					"rotation": {
						"0.0": [0, 0, 0],
						"0.08": [-26.21307, 34.73537, 49.1702],
						"0.28": [-11.00201, 23.61967, 74.37085],
						"0.52": [0, 0, 0]
					}
				},
				"leftArm": {
					"rotation": {
						"0.0": [0, 0, 0],
						"0.08": [-17.25002, 2.99318, 9.54589],
						"0.2": [20.51486, -4.3371, -22.36477],
						"0.52": [0, 0, 0]
					}
				}
			}
		}
	}
}